"","rot_cropC-C-C-C-S-C","rot_cropC-C-C-S-C-C","rot_cropC-C-C-S-S-C","rot_cropC-C-C-S-W-C","rot_cropC-C-S-C-C-C","rot_cropC-C-S-C-S-C","rot_cropC-S-C-C-C-C","rot_cropC-S-C-C-S-C","rot_cropC-S-C-S-C-C","rot_cropC-S-C-S-S-C","rot_cropC-S-C-W-S-C","rot_cropC-S-S-S-S-C","rot_cropS-C-C-C-C-C","rot_cropS-C-C-C-S-C","rot_cropS-C-C-S-S-C","rot_cropS-C-C-S-W-C","rot_cropS-C-S-C-C-C","rot_cropS-C-S-C-S-C","rot_cropS-C-S-S-C-C","rot_cropS-C-S-S-S-C","rot_cropS-C-S-W-S-C","rot_cropS-S-C-C-C-C","rot_cropS-S-C-C-S-C","rot_cropS-S-C-S-C-C","rot_cropS-S-C-S-S-C","rot_cropS-S-S-C-S-C","rot_cropS-S-S-S-S-C","rot_cropW-C-C-S-W-C","pr_6","pr_7","pr_8","I(I(pr_6^2))","I(I(pr_7^2))","I(I(pr_8^2))","cGDD_6m","cGDD_7m","cGDD_8m","EDD_6","EDD_7","EDD_8","vpd_6","vpd_7","vpd_8","soil_6","soil_7","soil_8"
"rot_cropC-C-C-C-S-C",6912.74661476156,2229.51492834485,4421.88158712994,252.27643904335,2968.44230725372,3294.51906314332,2854.0755272412,3208.80941091171,3057.50843432077,3040.12801620693,6641.24531406541,3009.60254986651,2639.42378985409,3271.4169531496,1651.38593522986,-153.604552424904,2992.22855745044,2946.61668794607,2467.72016371401,2530.91066873037,3037.46699502384,3609.64131858881,2740.44716045558,3747.81572984572,2872.22011033503,2790.50517475982,3661.15535326228,2597.60597560352,-4.34062166138325,-4.21397805597066,2.20068217976631,0.0231095961785666,0.0120697461300524,-0.00586273644246335,-51.3861592663773,-31.406275513757,3.42036076934318,1345.41809942021,713.289409432648,73.2744102187118,-2163.74810069997,987.354302266783,-407.595209915189,-2.61235243425339,-1.15518316441103,0.98408992244675
"rot_cropC-C-C-S-C-C",2229.51492834485,10407.6491786789,5979.29700348814,3976.57233004033,3158.75689912785,2750.28517008855,1521.59726037687,3282.78909194411,2956.47394612239,3079.86933758863,6370.98049996914,1633.07050010049,2744.36191076137,3914.16957431193,3144.7454175187,1171.51373113617,2918.85082236108,3151.09999469651,2995.9546263832,2338.5207175825,2543.24363205353,3145.31459845116,3050.52427755818,4180.37544968686,3966.62004056295,2511.55423690756,2804.57822155799,2658.95355407929,-4.90294839287949,4.00329183197793,-10.2543776170772,0.00223836632365755,-0.0070782751281237,0.0289952957955894,99.7924193097989,75.8204580268462,-19.2816178932728,-2307.03481451573,-1924.14996497798,1129.99175059844,2239.07319948009,363.612356710288,-1721.17633775937,3.0208934658824,-7.44326762580845,3.17395512445195
"rot_cropC-C-C-S-S-C",4421.88158712994,5979.29700348814,159906.56855465,2511.59898755412,4153.34629319149,5163.73036121916,5192.37587495082,4854.05069186624,4922.55754685655,5943.71284332478,7914.1536780209,5691.90737999304,3559.11069516082,4918.09208761762,9255.84680086775,323.741106640601,3636.22062671495,5584.29279212987,8068.9186618558,7938.97703977654,7192.5589042562,-560.540192123676,8595.1011293009,8211.86152119908,3622.10234810357,7133.68662708996,7184.12142853101,-2420.42036190676,-13.4280959758843,-12.4072651213124,-6.38846457464115,0.0818705917252575,0.0570767467900733,0.0126807121962253,52.3381513987667,-89.0789593671787,-54.7191407821126,-1830.21147153612,1055.82266799117,-246.975729440503,2986.95754153478,3144.22591032451,3053.50229200706,-13.2617002313501,-20.6167357095739,14.7638706773385
"rot_cropC-C-C-S-W-C",252.27643904335,3976.57233004033,2511.59898755412,252952.222920188,4215.64730921979,3936.25892965883,3200.90130373304,3308.97121735992,4562.78449215503,2462.58838330058,7025.65217048697,4870.98510717341,1882.48325910322,3022.93750211275,1478.51219683061,13175.1082980235,110.491382716876,5456.4476719403,4395.76855678455,5865.06551871206,512.954005496706,6029.06147857433,3414.05627130499,-5367.87964965404,2480.26027923556,8857.56136677586,8151.81693702479,21093.197206794,-6.92263262729896,-11.0442289425511,8.00532735461163,0.0166011827124734,0.0139015882647849,-0.0305653482748086,-167.55934640007,-5.29587177951936,18.6308731403833,3712.71051663382,590.324938905526,-328.252437813361,-6023.37798688734,-3409.50590615061,563.793236084708,9.89742375709205,-15.7332214888133,1.76981273768044
"rot_cropC-C-S-C-C-C",2968.44230725372,3158.75689912785,4153.34629319149,4215.64730921979,10194.1257394187,3400.10185089223,2522.62417079766,3405.65836432287,3430.81316713902,3298.71096843929,6524.58264047246,2472.46023005751,2689.3701195151,3926.72262979059,2828.1035190131,2538.19645153226,3231.01145312574,3322.30550787482,3450.33659410503,2310.69783385067,1807.59498622799,2739.54286113502,3799.13671797148,3900.51208914946,3398.80384357644,2904.49769162822,3579.3335928015,6199.37238273646,-8.13287612767653,-4.24855251006582,-0.484384899777155,0.0274203252571798,0.0148869849257666,0.000817871136497672,-10.7192852829797,-4.11252749855311,2.57049690892425,404.787259179609,-13.0041378406007,-347.947688636216,-2120.45689416307,1229.85587583524,479.017581376434,2.78076884932007,-5.25815675315714,7.00698917405231
"rot_cropC-C-S-C-S-C",3294.51906314332,2750.28517008855,5163.73036121916,3936.25892965883,3400.10185089223,6309.09398985313,3512.47899149012,4321.5683436914,4706.66749586252,4202.99596131338,7493.17517727294,3683.96648967202,2719.88770522986,4499.92846591735,4662.14733361342,2342.84221020187,4132.74726377038,4853.93424509877,4228.87935515791,4605.94347587355,3285.22095374537,2063.63529671704,5001.75459662078,4821.10027435685,3939.60821529087,4358.21263545436,4820.54703764179,4486.55921817511,-5.85312982498365,-4.23777652930324,2.85680048162455,0.0280169886832229,0.016804642576766,-0.00651968103484018,-43.5945622302304,-28.9326484561978,18.4041753867297,995.706840192903,748.669491248916,-475.989964912946,-799.123117524477,126.687469487383,455.697413992597,-1.04324554248476,-2.85516099849862,-0.165618610943945
"rot_cropC-S-C-C-C-C",2854.0755272412,1521.59726037687,5192.37587495082,3200.90130373304,2522.62417079766,3512.47899149012,15795.2063957292,3317.42937878222,4072.682623568,1356.56724500689,5475.37312188273,2878.79249841639,2655.10202157993,3383.08442058849,3908.84892345976,3921.91348559414,4140.12229487456,3657.09669775263,1692.56444566767,2904.90954155051,1702.13155887826,2698.04769881416,3885.67641090261,4607.05763505663,3357.63946856545,3499.07464018113,4099.94384615253,3584.26826030334,-24.9176538713026,30.4627395294379,-9.7463520743577,0.0640145255065161,-0.0843709507365212,0.0277020780174149,107.3990216448,268.795482862212,-9.87346755708204,-2371.96404870076,-5969.30396421943,960.73268947161,3652.79237004768,-2229.4839854783,-36.2511097603267,14.570701906778,-27.8954184711649,9.96134140463542
"rot_cropC-S-C-C-S-C",3208.80941091171,3282.78909194411,4854.05069186624,3308.97121735992,3405.65836432287,4321.5683436914,3317.42937878222,7512.27568385147,4637.15375074083,4173.71692224834,6946.71554229902,3265.96852235419,2571.01011183202,4257.02205762034,5060.50575648637,3382.73632762912,3846.6206518611,4540.24662480265,3836.09608480486,5267.62271928698,2058.20342551257,3170.5466721211,4647.35223464312,5268.30619585622,4565.72661047489,4286.16950890252,5080.52824697763,2962.50696806826,-15.7186707419098,0.227497243792416,0.0140415257755643,0.057171651895949,0.00549196264902493,0.00157972876547799,-8.03198182986725,26.3839548526946,18.2937717187679,349.904280483945,-753.445349466705,-677.945447827944,-1897.17881671245,101.695182901466,1158.64069978767,8.07507901281756,-6.67661171305042,3.65650746886081
"rot_cropC-S-C-S-C-C",3057.50843432077,2956.47394612239,4922.55754685655,4562.78449215503,3430.81316713902,4706.66749586252,4072.682623568,4637.15375074083,8258.89906831202,3903.33648066829,6375.7108713164,4261.69063180943,2961.70922372124,4256.35714958486,4372.56881527104,3041.70174449429,4172.61360644545,4611.67559621333,4188.23836126984,4073.27319519019,3015.66211923618,3665.76450137862,3731.77155948888,5584.66904244176,4215.27551762215,4356.62508782683,4701.56204288134,2956.45716962268,-5.45506922308255,0.096274619285642,5.26911603321088,0.0249880657890613,0.0028626099941309,-0.0156270782985154,-13.7643146403396,27.8941849884819,8.50220067505417,371.278799287494,-700.47206804142,93.6729822158709,-279.235895621391,720.188121376559,-530.078994969597,-4.5821452574466,-4.1961481398392,1.30122160359805
"rot_cropC-S-C-S-S-C",3040.12801620693,3079.86933758863,5943.71284332478,2462.58838330058,3298.71096843929,4202.99596131338,1356.56724500689,4173.71692224834,3903.33648066829,10220.4616735664,6697.39865640908,4415.10161850519,2355.04766422356,4267.58991584407,4825.84413764086,2299.21188488193,3618.43720311667,4832.02154606872,5406.54803371432,5584.42028526376,5277.47453541768,3441.95943292443,4517.04483022295,4834.66602616186,6853.71490324209,4707.28686961805,5737.24966689492,4282.32253027788,-6.50870948495901,-10.9501029636281,4.19854913579014,0.0308167284331799,0.0372893131798348,-0.0104649901767675,-42.3428792428272,-53.5226091360405,1.42629947522089,964.829289770898,1233.92761073191,-243.109745060669,-2179.84443560349,868.403997142089,305.719299756724,-2.13284003024046,0.992471361972284,-1.5510039253357
"rot_cropC-S-C-W-S-C",6641.24531406541,6370.98049996914,7914.1536780209,7025.65217048697,6524.58264047246,7493.17517727294,5475.37312188273,6946.71554229902,6375.7108713164,6697.39865640908,322161.910490759,6078.1034665701,4044.86359407352,8529.88872182312,8371.56770089734,3805.13606704808,9274.27378760421,9001.05085307105,11402.7835015526,3211.38833635817,5074.32920970115,7161.2877873249,7222.34115038149,4533.4058548366,6490.53624996028,8217.69056798981,11089.4992590571,3206.57049609561,33.2882055961327,8.57990947162886,-16.3935026444025,-0.125956234100438,-0.0266335254892547,0.0580375873637499,115.936305215731,-116.734132152268,87.8446069355386,-2147.99847107534,5471.8132562364,-876.852239398242,-1008.02720706817,-8053.5999685105,-976.579680794682,-18.9657223576237,-29.077652264947,25.231315815811
"rot_cropC-S-S-S-S-C",3009.60254986651,1633.07050010049,5691.90737999304,4870.98510717341,2472.46023005751,3683.96648967202,2878.79249841639,3265.96852235419,4261.69063180943,4415.10161850519,6078.1034665701,66968.5012042742,2956.19139449412,3673.70013906627,2252.12714268679,3857.3092371485,2814.4072695286,4506.82497123304,5341.7448965046,7980.38786128855,-16.7118428225972,3512.12634319953,4677.90145444956,6730.47096140595,8108.45806914766,8547.77659995439,6616.9468549113,2301.64381841114,3.13883654240161,8.98333166874959,-9.70976145086948,-0.0073719695709845,-0.0252984339711434,0.0210290859338682,-0.2103833544234,37.4033000674691,-34.8871770745918,-144.00851462349,-1219.72026857221,548.170002432738,2320.40295628361,1429.35978301941,1311.55426394469,-0.909508413263488,-6.00477701931914,11.3634133248075
"rot_cropS-C-C-C-C-C",2639.42378985409,2744.36191076137,3559.11069516082,1882.48325910322,2689.3701195151,2719.88770522986,2655.10202157993,2571.01011183202,2961.70922372124,2355.04766422356,4044.86359407352,2956.19139449412,7164.63709117102,2854.97487519217,3088.69759846511,333.871779011455,2924.51204199277,2752.13004146697,2019.37453418281,2589.91072322212,1736.18331577813,2285.15365870929,2343.95431321787,3176.4045545374,3102.27688191242,2558.76491847629,2921.63969007997,1675.30055183917,-3.88793096505148,-1.95937405569163,0.12043662705224,0.0126529530121985,0.00424425001727224,-0.00330804527405326,-15.4439510180282,-3.68543686137085,0.227054933784813,328.266425847924,-58.3642346881815,322.822105761357,-261.199142647212,572.3201873575,-733.318459152909,2.21942636665717,1.13221718581869,-3.2912686965249
"rot_cropS-C-C-C-S-C",3271.4169531496,3914.16957431193,4918.09208761762,3022.93750211275,3926.72262979059,4499.92846591735,3383.08442058849,4257.02205762034,4256.35714958486,4267.58991584407,8529.88872182312,3673.70013906627,2854.97487519217,8327.80103534532,4339.49185860872,3112.84712875254,4276.86206990781,4637.83962849975,4671.21115857887,4039.28218241127,3214.01813196157,2542.03742216964,4309.47311825747,4536.48251438037,4655.52182659389,4163.53972931999,4971.99132684989,6060.20463347978,-9.5201218968712,3.68135806621,1.7344871478382,0.0322722092513921,-0.0118286234945658,-0.00245289732304787,-3.36608056054987,37.6512958513938,5.92099863827699,326.519158712927,-977.60256732206,260.072429335163,-657.647081957873,922.443432666852,-646.961339783452,2.37386433773236,-4.59072319423603,0.944867478974381
"rot_cropS-C-C-S-S-C",1651.38593522986,3144.7454175187,9255.84680086775,1478.51219683061,2828.1035190131,4662.14733361342,3908.84892345976,5060.50575648637,4372.56881527104,4825.84413764086,8371.56770089734,2252.12714268679,3088.69759846511,4339.49185860872,54565.4678704582,1426.95350202764,3144.4583865596,4827.03728194502,6567.21093974964,5796.14197538211,3445.20725566422,5904.98370329024,4700.86319572636,5093.56353689949,5850.23046320012,4252.22515436583,5890.9838116139,12424.8273061537,-22.1796440009974,-4.49124523112691,2.39524307932104,0.0667208794211227,0.0205493047859523,-0.00598588513095237,35.0987187238186,7.11566957615707,-7.86347482578674,-977.622671436673,67.4751971198808,1383.75291669485,1665.07892540332,-794.796422161703,-2469.95775818458,-0.279004898635736,-9.30238491721592,-2.2897344912973
"rot_cropS-C-C-S-W-C",-153.604552424904,1171.51373113617,323.741106640601,13175.1082980235,2538.19645153226,2342.84221020187,3921.91348559414,3382.73632762912,3041.70174449429,2299.21188488193,3805.13606704808,3857.3092371485,333.871779011455,3112.84712875254,1426.95350202764,180659.978037348,2943.74864913567,3147.54430732359,3541.14953122769,5438.88553635175,10192.5649988888,2365.36923386073,5618.07418854624,3254.39042496764,1104.29958865391,5292.68756051225,4656.07761981653,9223.74198698951,-28.0418417799693,4.06488559504599,-9.45537621873176,0.106794545175869,-0.00158641938503494,0.0228818946758859,68.5566362301364,130.872634400307,-80.375201863021,-604.829821410175,-4386.73918742246,180.966186687843,-3574.84582555338,5243.92854528861,3336.81193657248,18.7012727303032,-12.4552700422347,8.19502023030057
"rot_cropS-C-S-C-C-C",2992.22855745044,2918.85082236108,3636.22062671495,110.491382716876,3231.01145312574,4132.74726377038,4140.12229487456,3846.6206518611,4172.61360644545,3618.43720311667,9274.27378760421,2814.4072695286,2924.51204199277,4276.86206990781,3144.4583865596,2943.74864913567,9889.28355844762,3975.46873682483,3238.51545836947,3897.88627551501,3508.56392987908,3950.52388258893,3235.03280800675,4745.20053653716,3961.12284411647,3918.18081828791,4502.65039380815,2770.94390392875,-15.2019928816667,5.18125835157276,-3.55717221443431,0.0461287819111408,-0.0113693240678632,0.0102526700438056,9.71855454456702,59.6601605994606,5.01736446432273,-258.800967868442,-1435.38111773142,93.4198032241459,-402.543946474433,472.435314478077,92.439412314099,5.28301604475207,-7.05536111263772,2.26634703781806
"rot_cropS-C-S-C-S-C",2946.61668794607,3151.09999469651,5584.29279212987,5456.4476719403,3322.30550787482,4853.93424509877,3657.09669775263,4540.24662480265,4611.67559621333,4832.02154606872,9001.05085307105,4506.82497123304,2752.13004146697,4637.83962849975,4827.03728194502,3147.54430732359,3975.46873682483,5578.2082457362,4733.59732280349,5179.22496548893,3991.37815354269,3034.02448689869,4832.44013096282,4984.51399369426,5016.74530145829,4906.88622675283,5489.85496919645,3937.94007062574,-6.27622108765008,-0.179978764511748,0.941059429848527,0.0246641670770619,0.00452068800418581,0.000875813882156163,-21.9901051164438,18.5611947712422,8.95597918132438,698.999921222513,-440.042773656222,-12.4498034330958,-1426.81316985897,661.82146874583,-116.616142736395,1.24100086191604,-5.38340768355043,3.15687971485209
"rot_cropS-C-S-S-C-C",2467.72016371401,2995.9546263832,8068.9186618558,4395.76855678455,3450.33659410503,4228.87935515791,1692.56444566767,3836.09608480486,4188.23836126984,5406.54803371432,11402.7835015526,5341.7448965046,2019.37453418281,4671.21115857887,6567.21093974964,3541.14953122769,3238.51545836947,4733.59732280349,58521.7395620982,-1129.53498279832,4466.45378962343,4784.28019931225,12681.4788847499,724.203217407294,3906.36319251942,3272.4019113817,5520.21254362849,2143.36099606209,-12.5650735368874,-12.8073619013286,6.918182600125,0.0442144938566612,0.0506781836967433,-0.0111185850176756,-31.6316463189949,1.69977272933171,45.4230046161139,1761.87463804273,-389.873903184727,-1565.45257815845,-5925.68894653703,-126.371470306186,2632.33869583267,-8.14389644670812,-6.31174046213003,3.99487765328815
"rot_cropS-C-S-S-S-C",2530.91066873037,2338.5207175825,7938.97703977654,5865.06551871206,2310.69783385067,4605.94347587355,2904.90954155051,5267.62271928698,4073.27319519019,5584.42028526376,3211.38833635817,7980.38786128855,2589.91072322212,4039.28218241127,5796.14197538211,5438.88553635175,3897.88627551501,5179.22496548893,-1129.53498279832,36224.3006393878,4727.81459148104,3861.91733095309,1480.10100585421,5575.00525287504,8655.21977114175,13168.434319085,10015.1658546463,-2528.99057828992,-28.5446026229602,6.00390147651422,-16.7425374582638,0.0967818616951,-0.010472667567036,0.0263367577691649,36.0483643882259,76.2443682229618,-56.8887993642568,-2767.31483105782,-1856.76779961197,-497.264471790529,8827.69364798187,-2073.8277007677,3845.24143419359,15.8384480567853,-18.6887041451213,14.0333748996583
"rot_cropS-C-S-W-S-C",3037.46699502384,2543.24363205353,7192.5589042562,512.954005496706,1807.59498622799,3285.22095374537,1702.13155887826,2058.20342551257,3015.66211923618,5277.47453541768,5074.32920970115,-16.7118428225972,1736.18331577813,3214.01813196157,3445.20725566422,10192.5649988888,3508.56392987908,3991.37815354269,4466.45378962343,4727.81459148104,105128.123961758,7038.1245172228,2603.19249609524,8386.00099934775,3109.04599756908,5589.45687450901,4850.54938726997,10542.4860854919,10.3356331351566,-14.8385770615779,-0.0219030814962395,-0.0277440654229529,0.0451190814260019,-0.013967597102565,44.0283770040222,29.0215392800384,-93.9688489137369,-1437.05913255778,-809.728458604382,2328.00975567525,2529.74648402092,3221.58915076275,-3407.73070492748,-6.90022151933798,-9.55921279779869,11.1323315133317
"rot_cropS-S-C-C-C-C",3609.64131858881,3145.31459845116,-560.540192123676,6029.06147857433,2739.54286113502,2063.63529671704,2698.04769881416,3170.5466721211,3665.76450137862,3441.95943292443,7161.2877873249,3512.12634319953,2285.15365870929,2542.03742216964,5904.98370329024,2365.36923386073,3950.52388258893,3034.02448689869,4784.28019931225,3861.91733095309,7038.1245172228,108157.485736399,4698.42762382483,7168.53230551931,4934.29338156576,2888.50542661832,5482.14991807577,3869.73711169495,0.299339578867666,2.60585648422456,8.12733777854409,-0.0229199767915121,-0.00694569276348167,-0.0303195157618358,-34.5868228652653,30.1261319885443,-18.5959326081459,348.465472600645,-887.124194871809,518.608504545109,1193.02138008416,90.9360367101173,797.768622332512,9.93910752643786,0.108177773322478,-5.68307312113523
"rot_cropS-S-C-C-S-C",2740.44716045558,3050.52427755818,8595.1011293009,3414.05627130499,3799.13671797148,5001.75459662078,3885.67641090261,4647.35223464312,3731.77155948888,4517.04483022295,7222.34115038149,4677.90145444956,2343.95431321787,4309.47311825747,4700.86319572636,5618.07418854624,3235.03280800675,4832.44013096282,12681.4788847499,1480.10100585421,2603.19249609524,4698.42762382483,38975.3546484052,4637.02413997369,4353.17932277894,5004.3253356237,6295.07935195646,6507.94080173542,-11.0873463894778,-3.8527629257848,-2.06896330994594,0.0411461558162572,0.0237894193670278,-0.00150985763892582,14.4521752155027,3.96147842786416,-25.8507294038227,-382.515527077445,264.766606415743,-694.768012070481,-617.586529123309,-967.97763316274,3302.37198947671,3.98988339545503,-18.4457153017613,15.0800886025615
"rot_cropS-S-C-S-C-C",3747.81572984572,4180.37544968686,8211.86152119908,-5367.87964965404,3900.51208914946,4821.10027435685,4607.05763505663,5268.30619585622,5584.66904244176,4834.66602616186,4533.4058548366,6730.47096140595,3176.4045545374,4536.48251438037,5093.56353689949,3254.39042496764,4745.20053653716,4984.51399369426,724.203217407294,5575.00525287504,8386.00099934775,7168.53230551931,4637.02413997369,63742.2639892307,5001.92437841936,4557.75705841745,6906.27930103514,5264.26624124735,8.66318971318673,12.5253371239951,-6.89401438172546,-0.022067179120827,-0.038965300677008,0.0194412268816633,38.8847549219996,54.7243876922363,-68.7362405269192,-1855.44345888784,-892.284985800111,1604.01932299891,4906.81848062445,957.58623520594,-1182.62938987686,-1.17239484180991,-6.98685156064391,3.68273426017235
"rot_cropS-S-C-S-S-C",2872.22011033503,3966.62004056295,3622.10234810357,2480.26027923556,3398.80384357644,3939.60821529087,3357.63946856545,4565.72661047489,4215.27551762215,6853.71490324209,6490.53624996028,8108.45806914766,3102.27688191242,4655.52182659389,5850.23046320012,1104.29958865391,3961.12284411647,5016.74530145829,3906.36319251942,8655.21977114175,3109.04599756908,4934.29338156576,4353.17932277894,5001.92437841936,24930.0895998213,5846.43925310012,9122.83428410537,5688.29478064703,-14.6147384281919,1.57740168347381,-8.08137335107861,0.0456858298258694,0.00722843302315471,0.0306487139576735,34.401442059917,38.1563277513403,8.82721289305985,-844.764962278174,-805.542753828023,-847.564813975277,672.0443110279,-502.542392260973,2187.75141164658,9.05126709601822,-6.39368794530951,5.95497814047664
"rot_cropS-S-S-C-S-C",2790.50517475982,2511.55423690756,7133.68662708996,8857.56136677586,2904.49769162822,4358.21263545436,3499.07464018113,4286.16950890252,4356.62508782683,4707.28686961805,8217.69056798981,8547.77659995439,2558.76491847629,4163.53972931999,4252.22515436583,5292.68756051225,3918.18081828791,4906.88622675283,3272.4019113817,13168.434319085,5589.45687450901,2888.50542661832,5004.3253356237,4557.75705841745,5846.43925310012,17488.3647434373,9329.95028150846,2153.74097302891,-17.4728960433827,5.85290777566195,-8.60053748288642,0.0606818132177463,-0.00869742682632563,0.00694469133368707,73.7823709506274,86.6322164022108,-61.7157485564294,-3043.13548243432,-2340.13281304151,-214.614628238162,5835.88293016037,-452.231451001588,3774.09654455467,5.83263713753962,-20.2590477573706,14.5658057380546
"rot_cropS-S-S-S-S-C",3661.15535326228,2804.57822155799,7184.12142853101,8151.81693702479,3579.3335928015,4820.54703764179,4099.94384615253,5080.52824697763,4701.56204288134,5737.24966689492,11089.4992590571,6616.9468549113,2921.63969007997,4971.99132684989,5890.9838116139,4656.07761981653,4502.65039380815,5489.85496919645,5520.21254362849,10015.1658546463,4850.54938726997,5482.14991807577,6295.07935195646,6906.27930103514,9122.83428410537,9329.95028150846,27852.4034108649,-1504.32919248897,-15.982909961107,-0.68016631332141,-7.43366946119694,0.0541191303707422,0.00742896475336218,0.0153529436478201,5.97053922809753,10.4570904849445,-16.110857903435,-527.142100894527,-318.453341154815,-197.426576982102,1103.14485621377,-84.3552787609005,1156.44613061913,6.23398782322005,-9.48330182989724,6.11836034770759
"rot_cropW-C-C-S-W-C",2597.60597560352,2658.95355407929,-2420.42036190676,21093.197206794,6199.37238273646,4486.55921817511,3584.26826030334,2962.50696806826,2956.45716962268,4282.32253027788,3206.57049609561,2301.64381841114,1675.30055183917,6060.20463347978,12424.8273061537,9223.74198698951,2770.94390392875,3937.94007062574,2143.36099606209,-2528.99057828992,10542.4860854919,3869.73711169495,6507.94080173542,5264.26624124735,5688.29478064703,2153.74097302891,-1504.32919248897,348089.257307575,6.98419479943679,0.355796601734891,17.2464419295288,-0.0277643462162298,-0.0143691652370764,-0.0107329063417158,-5.70207188320731,-106.33391944339,40.2485370266542,981.370951671341,4421.40927905083,-1218.78048976572,-1665.89232947793,-8116.99884200999,4365.58055645363,4.12728393742194,-0.0903916894534071,-24.3312965425467
"pr_6",-4.34062166138325,-4.90294839287949,-13.4280959758843,-6.92263262729896,-8.13287612767653,-5.85312982498365,-24.9176538713026,-15.7186707419098,-5.45506922308255,-6.50870948495901,33.2882055961327,3.13883654240161,-3.88793096505148,-9.5201218968712,-22.1796440009974,-28.0418417799693,-15.2019928816667,-6.27622108765008,-12.5650735368874,-28.5446026229602,10.3356331351566,0.299339578867666,-11.0873463894778,8.66318971318673,-14.6147384281919,-17.4728960433827,-15.982909961107,6.98419479943679,3.15574239261049,-0.176645332925346,0.190212832315526,-0.0105996177971125,0.000726472144369423,-0.000597041820923695,-0.386216437807349,-3.5375431797851,0.743716496729538,16.447463237437,89.788716480239,-9.86721379137075,6.56165575860664,-10.2630490970483,-4.6704820358986,-0.589076525971509,-0.00124805355042409,0.0667907698907345
"pr_7",-4.21397805597066,4.00329183197793,-12.4072651213124,-11.0442289425511,-4.24855251006582,-4.23777652930324,30.4627395294379,0.227497243792416,0.096274619285642,-10.9501029636281,8.57990947162886,8.98333166874959,-1.95937405569163,3.68135806621,-4.49124523112691,4.06488559504599,5.18125835157276,-0.179978764511748,-12.8073619013286,6.00390147651422,-14.8385770615779,2.60585648422456,-3.8527629257848,12.5253371239951,1.57740168347381,5.85290777566195,-0.68016631332141,0.355796601734891,-0.176645332925346,0.81255899765969,-0.123242469277831,0.000255017063421925,-0.00264273451215866,0.000340050756914861,1.83738405034678,2.70901961710942,-0.328265794129014,-52.7982147263656,-54.1139260058008,14.7880581464009,97.3767023582779,-41.3910106748092,5.44332927721453,0.104243262095496,-0.236859120072276,0.141877445804696
"pr_8",2.20068217976631,-10.2543776170772,-6.38846457464115,8.00532735461163,-0.484384899777155,2.85680048162455,-9.7463520743577,0.0140415257755643,5.26911603321088,4.19854913579014,-16.3935026444025,-9.70976145086948,0.12043662705224,1.7344871478382,2.39524307932104,-9.45537621873176,-3.55717221443431,0.941059429848527,6.918182600125,-16.7425374582638,-0.0219030814962395,8.12733777854409,-2.06896330994594,-6.89401438172546,-8.08137335107861,-8.60053748288642,-7.43366946119694,17.2464419295288,0.190212832315526,-0.123242469277831,0.548782445518773,-0.000456515594785429,0.000432262747386243,-0.0015986009355279,-1.58736976178454,-1.51148913067508,0.35665407704655,49.9589640537334,32.0473021430543,-9.69972486888116,-84.0003686998751,3.96969288222316,11.5481346789801,-0.001711144705846,0.133904927032289,-0.168422501401231
"I(I(pr_6^2))",0.0231095961785666,0.00223836632365755,0.0818705917252575,0.0166011827124734,0.0274203252571798,0.0280169886832229,0.0640145255065161,0.057171651895949,0.0249880657890613,0.0308167284331799,-0.125956234100438,-0.0073719695709845,0.0126529530121985,0.0322722092513921,0.0667208794211227,0.106794545175869,0.0461287819111408,0.0246641670770619,0.0442144938566612,0.0967818616951,-0.0277440654229529,-0.0229199767915121,0.0411461558162572,-0.022067179120827,0.0456858298258694,0.0606818132177463,0.0541191303707422,-0.0277643462162298,-0.0105996177971125,0.000255017063421925,-0.000456515594785429,3.66899795658616e-05,-1.3745577110621e-06,1.51180276528709e-06,-0.00178931749282693,0.0105651174514189,-0.00205186575150165,0.0223101139103865,-0.285690497327365,-0.00264855602212127,-0.0851720558725547,0.103818976344068,0.0740621467395681,0.00180921037107688,0.000231457596517727,-0.000329786575821801
"I(I(pr_7^2))",0.0120697461300524,-0.0070782751281237,0.0570767467900733,0.0139015882647849,0.0148869849257666,0.016804642576766,-0.0843709507365212,0.00549196264902493,0.0028626099941309,0.0372893131798348,-0.0266335254892547,-0.0252984339711434,0.00424425001727224,-0.0118286234945658,0.0205493047859523,-0.00158641938503494,-0.0113693240678632,0.00452068800418581,0.0506781836967433,-0.010472667567036,0.0451190814260019,-0.00694569276348167,0.0237894193670278,-0.038965300677008,0.00722843302315471,-0.00869742682632563,0.00742896475336218,-0.0143691652370764,0.000726472144369423,-0.00264273451215866,0.000432262747386243,-1.3745577110621e-06,9.57300383557075e-06,-1.16183705662822e-06,-0.00500692289359057,-0.00883860642769496,0.00119164243727639,0.157348308738576,0.176282131748214,-0.0693857647696419,-0.319918673742516,0.108830596140937,0.0524790298622626,-9.99522758000663e-06,0.000560812568434131,-0.00047277123655997
"I(I(pr_8^2))",-0.00586273644246335,0.0289952957955894,0.0126807121962253,-0.0305653482748086,0.000817871136497672,-0.00651968103484018,0.0277020780174149,0.00157972876547799,-0.0156270782985154,-0.0104649901767675,0.0580375873637499,0.0210290859338682,-0.00330804527405326,-0.00245289732304787,-0.00598588513095237,0.0228818946758859,0.0102526700438056,0.000875813882156163,-0.0111185850176756,0.0263367577691649,-0.013967597102565,-0.0303195157618358,-0.00150985763892582,0.0194412268816633,0.0306487139576735,0.00694469133368707,0.0153529436478201,-0.0107329063417158,-0.000597041820923695,0.000340050756914861,-0.0015986009355279,1.51180276528709e-06,-1.16183705662822e-06,5.47275904993362e-06,0.00386608530355047,0.00386552889999434,-3.52972787161852e-05,-0.117961423291544,-0.0750040726239051,0.00640782148178957,0.208499869814513,-0.0458798878931659,-0.011051306468736,4.25456848792018e-05,-0.000302343653021416,0.000351152101249831
"cGDD_6m",-51.3861592663773,99.7924193097989,52.3381513987667,-167.55934640007,-10.7192852829797,-43.5945622302304,107.3990216448,-8.03198182986725,-13.7643146403396,-42.3428792428272,115.936305215731,-0.2103833544234,-15.4439510180282,-3.36608056054987,35.0987187238186,68.5566362301364,9.71855454456702,-21.9901051164438,-31.6316463189949,36.0483643882259,44.0283770040222,-34.5868228652653,14.4521752155027,38.8847549219996,34.401442059917,73.7823709506274,5.97053922809753,-5.70207188320731,-0.386216437807349,1.83738405034678,-1.58736976178454,-0.00178931749282693,-0.00500692289359057,0.00386608530355047,42.5402138736537,12.7665407359297,-8.31991575247451,-1117.16056488209,-219.24692297393,191.578521549759,1105.24976792534,-349.291092554775,-130.925105574803,0.275476157064963,-1.12938770201182,0.520454043975634
"cGDD_7m",-31.406275513757,75.8204580268462,-89.0789593671787,-5.29587177951936,-4.11252749855311,-28.9326484561978,268.795482862212,26.3839548526946,27.8941849884819,-53.5226091360405,-116.734132152268,37.4033000674691,-3.68543686137085,37.6512958513938,7.11566957615707,130.872634400307,59.6601605994606,18.5611947712422,1.69977272933171,76.2443682229618,29.0215392800384,30.1261319885443,3.96147842786416,54.7243876922363,38.1563277513403,86.6322164022108,10.4570904849445,-106.33391944339,-3.5375431797851,2.70901961710942,-1.51148913067508,0.0105651174514189,-0.00883860642769496,0.00386552889999434,12.7665407359297,34.1415080151813,-4.85906183154461,-355.967094059689,-818.023254041208,145.970587899605,597.545592644189,237.300653242415,-72.6989337592597,0.84407441422735,-1.76789300550845,1.49671729706264
"cGDD_8m",3.42036076934318,-19.2816178932728,-54.7191407821126,18.6308731403833,2.57049690892425,18.4041753867297,-9.87346755708204,18.2937717187679,8.50220067505417,1.42629947522089,87.8446069355386,-34.8871770745918,0.227054933784813,5.92099863827699,-7.86347482578674,-80.375201863021,5.01736446432273,8.95597918132438,45.4230046161139,-56.8887993642568,-93.9688489137369,-18.5959326081459,-25.8507294038227,-68.7362405269192,8.82721289305985,-61.7157485564294,-16.110857903435,40.2485370266542,0.743716496729538,-0.328265794129014,0.35665407704655,-0.00205186575150165,0.00119164243727639,-3.52972787161852e-05,-8.31991575247451,-4.85906183154461,12.6844611782029,213.722902020361,135.149602246194,-338.445759981087,-135.0428692381,-263.691251521518,385.456310273984,-0.615201054778701,-0.081951524288404,-0.065135284409652
"EDD_6",1345.41809942021,-2307.03481451573,-1830.21147153612,3712.71051663382,404.787259179609,995.706840192903,-2371.96404870076,349.904280483945,371.278799287494,964.829289770898,-2147.99847107534,-144.00851462349,328.266425847924,326.519158712927,-977.622671436673,-604.829821410175,-258.800967868442,698.999921222513,1761.87463804273,-2767.31483105782,-1437.05913255778,348.465472600645,-382.515527077445,-1855.44345888784,-844.764962278174,-3043.13548243432,-527.142100894527,981.370951671341,16.447463237437,-52.7982147263656,49.9589640537334,0.0223101139103865,0.157348308738576,-0.117961423291544,-1117.16056488209,-355.967094059689,213.722902020361,32345.6108313521,5309.69474229508,-4397.33013008812,-41768.8523249901,13732.9457146492,1969.41538822166,-1.19188006339142,34.1185993760245,-19.6998100794399
"EDD_7",713.289409432648,-1924.14996497798,1055.82266799117,590.324938905526,-13.0041378406007,748.669491248916,-5969.30396421943,-753.445349466705,-700.47206804142,1233.92761073191,5471.8132562364,-1219.72026857221,-58.3642346881815,-977.60256732206,67.4751971198808,-4386.73918742246,-1435.38111773142,-440.042773656222,-389.873903184727,-1856.76779961197,-809.728458604382,-887.124194871809,264.766606415743,-892.284985800111,-805.542753828023,-2340.13281304151,-318.453341154815,4421.40927905083,89.788716480239,-54.1139260058008,32.0473021430543,-0.285690497327365,0.176282131748214,-0.0750040726239051,-219.24692297393,-818.023254041208,135.149602246194,5309.69474229508,21710.1411078074,-3709.09329292018,-8358.99419192081,-13475.7691158925,1690.77891340631,-17.4628824458234,26.6424071251936,-30.536654323183
"EDD_8",73.2744102187118,1129.99175059844,-246.975729440503,-328.252437813361,-347.947688636216,-475.989964912946,960.73268947161,-677.945447827944,93.6729822158709,-243.109745060669,-876.852239398242,548.170002432738,322.822105761357,260.072429335163,1383.75291669485,180.966186687843,93.4198032241459,-12.4498034330958,-1565.45257815845,-497.264471790529,2328.00975567525,518.608504545109,-694.768012070481,1604.01932299891,-847.564813975277,-214.614628238162,-197.426576982102,-1218.78048976572,-9.86721379137075,14.7880581464009,-9.69972486888116,-0.00264855602212127,-0.0693857647696419,0.00640782148178957,191.578521549759,145.970587899605,-338.445759981087,-4397.33013008812,-3709.09329292018,13133.226159269,1559.15215623893,7853.82476116091,-20418.2655605127,3.4980895652329,12.2195172689445,-5.2648914747863
"vpd_6",-2163.74810069997,2239.07319948009,2986.95754153478,-6023.37798688734,-2120.45689416307,-799.123117524477,3652.79237004768,-1897.17881671245,-279.235895621391,-2179.84443560349,-1008.02720706817,2320.40295628361,-261.199142647212,-657.647081957873,1665.07892540332,-3574.84582555338,-402.543946474433,-1426.81316985897,-5925.68894653703,8827.69364798187,2529.74648402092,1193.02138008416,-617.586529123309,4906.81848062445,672.0443110279,5835.88293016037,1103.14485621377,-1665.89232947793,6.56165575860664,97.3767023582779,-84.0003686998751,-0.0851720558725547,-0.319918673742516,0.208499869814513,1105.24976792534,597.545592644189,-135.0428692381,-41768.8523249901,-8358.99419192081,1559.15215623893,112356.407271828,-34898.4336673346,3220.57880664053,-2.03283286651367,-66.7192066964166,38.4302827971153
"vpd_7",987.354302266783,363.612356710288,3144.22591032451,-3409.50590615061,1229.85587583524,126.687469487383,-2229.4839854783,101.695182901466,720.188121376559,868.403997142089,-8053.5999685105,1429.35978301941,572.3201873575,922.443432666852,-794.796422161703,5243.92854528861,472.435314478077,661.82146874583,-126.371470306186,-2073.8277007677,3221.58915076275,90.9360367101173,-967.97763316274,957.58623520594,-502.542392260973,-452.231451001588,-84.3552787609005,-8116.99884200999,-10.2630490970483,-41.3910106748092,3.96969288222316,0.103818976344068,0.108830596140937,-0.0458798878931659,-349.291092554775,237.300653242415,-263.691251521518,13732.9457146492,-13475.7691158925,7853.82476116091,-34898.4336673346,51084.4530188802,-13887.419892974,-17.7315216598726,56.0792866576222,-2.8508425591062
"vpd_8",-407.595209915189,-1721.17633775937,3053.50229200706,563.793236084708,479.017581376434,455.697413992597,-36.2511097603267,1158.64069978767,-530.078994969597,305.719299756724,-976.579680794682,1311.55426394469,-733.318459152909,-646.961339783452,-2469.95775818458,3336.81193657248,92.439412314099,-116.616142736395,2632.33869583267,3845.24143419359,-3407.73070492748,797.768622332512,3302.37198947671,-1182.62938987686,2187.75141164658,3774.09654455467,1156.44613061913,4365.58055645363,-4.6704820358986,5.44332927721453,11.5481346789801,0.0740621467395681,0.0524790298622626,-0.011051306468736,-130.925105574803,-72.6989337592597,385.456310273984,1969.41538822166,1690.77891340631,-20418.2655605127,3220.57880664053,-13887.419892974,42638.4192059749,17.6166261296506,-31.547790520594,15.9757545921952
"soil_6",-2.61235243425339,3.0208934658824,-13.2617002313501,9.89742375709205,2.78076884932007,-1.04324554248476,14.570701906778,8.07507901281756,-4.5821452574466,-2.13284003024046,-18.9657223576237,-0.909508413263488,2.21942636665717,2.37386433773236,-0.279004898635736,18.7012727303032,5.28301604475207,1.24100086191604,-8.14389644670812,15.8384480567853,-6.90022151933798,9.93910752643786,3.98988339545503,-1.17239484180991,9.05126709601822,5.83263713753962,6.23398782322005,4.12728393742194,-0.589076525971509,0.104243262095496,-0.001711144705846,0.00180921037107688,-9.99522758000663e-06,4.25456848792018e-05,0.275476157064963,0.84407441422735,-0.615201054778701,-1.19188006339142,-17.4628824458234,3.4980895652329,-2.03283286651367,-17.7315216598726,17.6166261296506,0.910342465629469,-0.303002739978201,-0.0366844601714638
"soil_7",-1.15518316441103,-7.44326762580845,-20.6167357095739,-15.7332214888133,-5.25815675315714,-2.85516099849862,-27.8954184711649,-6.67661171305042,-4.1961481398392,0.992471361972284,-29.077652264947,-6.00477701931914,1.13221718581869,-4.59072319423603,-9.30238491721592,-12.4552700422347,-7.05536111263772,-5.38340768355043,-6.31174046213003,-18.6887041451213,-9.55921279779869,0.108177773322478,-18.4457153017613,-6.98685156064391,-6.39368794530951,-20.2590477573706,-9.48330182989724,-0.0903916894534071,-0.00124805355042409,-0.236859120072276,0.133904927032289,0.000231457596517727,0.000560812568434131,-0.000302343653021416,-1.12938770201182,-1.76789300550845,-0.081951524288404,34.1185993760245,26.6424071251936,12.2195172689445,-66.7192066964166,56.0792866576222,-31.547790520594,-0.303002739978201,0.874293491681229,-0.462665260344228
"soil_8",0.98408992244675,3.17395512445195,14.7638706773385,1.76981273768044,7.00698917405231,-0.165618610943945,9.96134140463542,3.65650746886081,1.30122160359805,-1.5510039253357,25.231315815811,11.3634133248075,-3.2912686965249,0.944867478974381,-2.2897344912973,8.19502023030057,2.26634703781806,3.15687971485209,3.99487765328815,14.0333748996583,11.1323315133317,-5.68307312113523,15.0800886025615,3.68273426017235,5.95497814047664,14.5658057380546,6.11836034770759,-24.3312965425467,0.0667907698907345,0.141877445804696,-0.168422501401231,-0.000329786575821801,-0.00047277123655997,0.000351152101249831,0.520454043975634,1.49671729706264,-0.065135284409652,-19.6998100794399,-30.536654323183,-5.2648914747863,38.4302827971153,-2.8508425591062,15.9757545921952,-0.0366844601714638,-0.462665260344228,0.49987125841923
